Star1,Star2,Avg_Gross
Aamir Khan,Madhavan,6532908.0
Aamir Khan,Raghuvir Yadav,70147.0
Aaron Taylor-Johnson,Nicolas Cage,48071303.0
Abraham Attah,Emmanuel Affadzi,83861.0
Adam Driver,Scarlett Johansson,2000000.0
Adrian Molina,Anthony Gonzalez,209726015.0
Adrien Brody,Christina Hendricks,71177.0
Adrien Brody,Thomas Kretschmann,32572577.0
Al Pacino,Chris O'Donnell,63895607.0
Al Pacino,Diane Keaton,66666062.0
Al Pacino,Jack Lemmon,10725228.0
Al Pacino,John Cazale,50000000.0
Al Pacino,John Randolph,29800000.0
Al Pacino,Johnny Depp,41909762.0
Al Pacino,Michelle Pfeiffer,45598982.0
Al Pacino,Robert De Niro,62368409.0
Al Pacino,Sean Penn,36948322.0
Alan Mak,Andy Lau,169659.0
Alejandro Jodorowsky,Horacio Salinas,61001.0
Aleksandr Antonov,Vladimir Barskiy,50970.0
Aleksey Serebryakov,Elena Lyadova,1092800.0
Alicia Vikander,Domhnall Gleeson,25442958.0
Amit Sadh,Sushant Singh Rajput,1122527.0
Amy Adams,Jeremy Renner,100546139.0
Amy Poehler,Mirai Shida,19202743.0
Anamaria Marinca,Laura Vasiliu,1185783.0
Andie MacDowell,Julianne Moore,6110979.0
Andreas Wilson,Henrik Lundström,15280.0
Andrew Garfield,Sam Worthington,67209615.0
Andrew Marton,Gerd Oswald,39100000.0
Andrew Philpot,John Rafter Lee,151086.0
Angelina Jolie,Colm Feore,35739802.0
Anne Dorval,Antoine Olivier Pilon,3492754.0
Ansel Elgort,Jon Bernthal,107825862.0
Anthony Hopkins,Diane Ladd,5128124.0
Anthony Hopkins,Emma Thompson,22954968.0
Anthony Perkins,Janet Leigh,32000000.0
Antonio Banderas,Elena Anaya,3185812.0
Armie Hammer,Timothée Chalamet,18095701.0
Arnold Schwarzenegger,Carl Weathers,59735548.0
Arnold Schwarzenegger,Linda Hamilton,121621675.0
Asa Butterfield,David Thewlis,9030581.0
Ash Brannon,Lee Unkrich,245852179.0
Atsuko Tanaka,Iemasa Kayumi,515905.0
Audrey Hepburn,Alan Arkin,17550741.0
Audrey Hepburn,Rex Harrison,72000000.0
Audrey Tautou,Gaspard Ulliel,6167817.0
Audrey Tautou,Mathieu Kassovitz,33225499.0
Bajram Severdzan,Srdjan 'Zika' Todorovic,348660.0
Baki Davrak,Nurgül Yesilçay,741283.0
Barry Bostwick,Jennifer Drake,193817.0
Barry Cook,Ming-Na Wen,120620254.0
Ben Affleck,Bryan Cranston,136025503.0
Ben Affleck,Rosamund Pike,167767189.0
Ben Burtt,Elissa Knight,223808164.0
Ben Kingsley,John Gielgud,52767889.0
Ben Whishaw,Hugh Grant,40442052.0
Benedict Cumberbatch,Keira Knightley,91125683.0
Bertil Guve,Pernilla Allwin,4971340.0
Bette Davis,Anne Baxter,10177.0
Bette Davis,Joan Crawford,4050000.0
Bill Murray,Andie MacDowell,70906973.0
Bill Murray,Dan Aykroyd,238632124.0
Bill Murray,Scarlett Johansson,44585453.0
Bill Pullman,Patricia Arquette,3796699.0
Billy Bob Thornton,Dwight Yoakam,24475416.0
Billy Crudup,Patrick Fugit,32534850.0
Billy Crystal,Meg Ryan,92823600.0
Björk,Catherine Deneuve,4184036.0
Bob Geldof,Christine Hargreaves,22244207.0
Bob Hoskins,Christopher Lloyd,156452370.0
Bob Peterson,Edward Asner,293004164.0
Boris Karloff,Elsa Lanchester,4360000.0
Brad Davis,Irene Miracle,35000000.0
Brad Pitt,Cate Blanchett,127509326.0
Brad Pitt,Diane Kruger,120540719.0
Brad Pitt,Edward Norton,37030102.0
Brad Pitt,Robin Wright,75605492.0
Bradley Cooper,Jennifer Lawrence,132092958.0
Brady Corbet,Joseph Gordon-Levitt,697181.0
Brahim Hadjadj,Jean Martin,55908.0
Branko Djuric,Rene Bitorajac,1059830.0
Brian O'Halloran,Jeff Anderson,3151130.0
Brie Larson,Frantz Turner,1010414.0
Brie Larson,Jacob Tremblay,14677674.0
Brigitte Helm,Alfred Abel,1236166.0
Brigitte Lin,Takeshi Kaneshiro,600200.0
Brooklynn Prince,Bria Vinaite,5904366.0
Bruce Campbell,Sarah Berry,5923044.0
Bruce Dern,Will Forte,17654912.0
Bruce Lee,John Saxon,25000000.0
Bruce Willis,Alan Rickman,83008852.0
Bruce Willis,Haley Joel Osment,293506292.0
Bruce Willis,Jeremy Irons,100012499.0
Bruce Willis,Madeleine Stowe,57141459.0
Bruce Willis,Milla Jovovich,63540020.0
Bruno Ganz,Alexandra Maria Lara,5509040.0
Bruno Ganz,Solveig Dommartin,3333969.0
Bryan Cranston,Koyu Rankin,32015231.0
Burt Lancaster,Montgomery Clift,30500000.0
Byron Howard,Mandy Moore,200821936.0
Bérénice Bejo,Tahar Rahim,1330596.0
Carice van Houten,Sebastian Koch,4398392.0
Cary Elwes,Leigh Whannell,56000369.0
Cary Elwes,Mandy Patinkin,30857814.0
Cary Grant,Audrey Hepburn,13474588.0
Cary Grant,Eva Marie Saint,13275000.0
Cary Grant,Ingrid Bergman,10464000.0
Casey Affleck,Michelle Williams,47695120.0
Cate Blanchett,Matt Damon,15090400.0
Cecilia Roth,Marisa Paredes,8264530.0
Charles Chaplin,Paulette Goddard,163245.0
Charles Chaplin,Virginia Cherrill,19181.0
Charlie Cox,Claire Danes,38634938.0
Charlie Sheen,Tom Berenger,138530565.0
Charlize Theron,Art Parkinson,48023088.0
Charlton Heston,Jack Hawkins,74700000.0
Charlton Heston,Orson Welles,2237659.0
Charlton Heston,Roddy McDowall,33395426.0
Chieko Baishô,Takuya Kimura,4711096.0
Chiwetel Ejiofor,Michael Kenneth Williams,56671993.0
Chloë Grace Moretz,James Caan,1506975.0
Choi Min-sik,Yoo Ji-Tae,707481.0
Chris Evans,Mckenna Grace,24801212.0
Chris Hemsworth,Tom Hiddleston,315058289.0
Chris Pine,Ben Foster,26862450.0
Chris Pine,Zachary Quinto,243254340.0
Chris Pratt,Vin Diesel,333176600.0
Chris Pratt,Zoe Saldana,389813101.0
Chris Renaud,Steve Carell,251513985.0
Chris Sanders,Jay Baruchel,217581231.0
Chris Williams,Ryan Potter,222527828.0
Christian Bale,Heath Ledger,534858444.0
Christian Bale,Hugh Jackman,53089891.0
Christian Bale,Jennifer Jason Leigh,1082715.0
Christian Bale,John Malkovich,22238696.0
Christian Bale,Justin Theroux,15070285.0
Christian Bale,Michael Caine,206852432.0
Christian Bale,Steve Carell,70259870.0
Christian Bale,Tom Hardy,448139099.0
Christian Friedel,Ernst Jacobi,2222647.0
Christian Slater,Patricia Arquette,12281500.0
Cillian Murphy,Naomie Harris,45064915.0
Clark Gable,Claudette Colbert,4360000.0
Cleavon Little,Gene Wilder,119500000.0
Clint Eastwood,Andrew Robinson,35900000.0
Clint Eastwood,Bee Vang,148095302.0
Clint Eastwood,Eli Wallach,6100000.0
Clint Eastwood,Gene Hackman,101157447.0
Clint Eastwood,Gian Maria Volontè,14500000.0
Clint Eastwood,Lee Van Cleef,15000000.0
Clint Eastwood,Meryl Streep,71516617.0
Clint Eastwood,Patrick McGoohan,43000000.0
Clint Eastwood,Sondra Locke,31800000.0
Clint Eastwood,Telly Savalas,1378435.0
Colin Farrell,Brendan Gleeson,7757130.0
Colin Firth,Geoffrey Rush,138797449.0
Colin Firth,Taron Egerton,128261724.0
Craig T. Nelson,Holly Hunter,608581744.0
Craig T. Nelson,Samuel L. Jackson,261441092.0
Cuba Gooding Jr.,Laurence Fishburne,57504069.0
Daisy Ridley,John Boyega,936662225.0
Dakota Fanning,Teri Hatcher,75286229.0
Damian Chapa,Jesse Borrego,4496583.0
Daniel Brühl,Chris Hemsworth,26947624.0
Daniel Brühl,Katrin Saß,4064200.0
Daniel Craig,Chris Evans,165359751.0
Daniel Craig,Eva Green,167445960.0
Daniel Craig,Javier Bardem,304360277.0
Daniel Craig,Rooney Mara,102515793.0
Daniel Day-Lewis,Brenda Fricker,14743391.0
Daniel Day-Lewis,Madeleine Stowe,75505856.0
Daniel Day-Lewis,Paul Dano,40222514.0
Daniel Day-Lewis,Pete Postlethwaite,25010410.0
Daniel Kaluuya,Allison Williams,176040665.0
Daniel Radcliffe,Emma Watson,303665096.8
Daniel Radcliffe,Rupert Grint,317575550.0
Danny Aiello,Ossie Davis,27545445.0
Danny Elfman,Chris Sarandon,75082668.0
Danny Glover,Whoopi Goldberg,98467863.0
Darío Grandinetti,María Marull,3107072.0
Daveigh Chase,Suzanne Pleshette,10055859.0
David Emge,Ken Foree,5100000.0
David Rawle,Brendan Gleeson,857524.0
David Silverman,Lee Unkrich,289916256.0
David Thewlis,Lesley Sharp,1769305.0
David Zucker,Jerry Zucker,83400000.0
Dean-Charles Chapman,George MacKay,159227644.0
Deborah Kerr,Peter Wyngarde,2616000.0
Denzel Washington,Angela Bassett,48169908.0
Denzel Washington,Christopher Walken,77911774.0
Denzel Washington,Clive Owen,88513495.0
Denzel Washington,Ethan Hawke,76631907.0
Denzel Washington,Russell Crowe,130164645.0
Denzel Washington,Vicellous Shannon,50668906.0
Denzel Washington,Will Patton,115654751.0
Dev Patel,Nicole Kidman,51739495.0
Diane Kruger,Benno Fürmann,1054361.0
Domhnall Gleeson,Rachel McAdams,15322921.0
Don Cheadle,Sandra Bullock,54580300.0
Don Cheadle,Sophie Okonedo,23530892.0
Donald Pleasence,Jamie Lee Curtis,47000000.0
Donald Sutherland,Mary Tyler Moore,54800000.0
Duane Jones,Judith O'Dea,89029.0
Dustin Hoffman,Anne Bancroft,104945305.0
Dustin Hoffman,Jon Voight,44785053.0
Dustin Hoffman,Meryl Streep,106260000.0
Dustin Hoffman,Robert Redford,70600000.0
Dustin Hoffman,Tom Cruise,178800000.0
Eddie Redmayne,Felicity Jones,35893537.0
Edmund Gwenn,Maureen O'Hara,2650000.0
Edward Fox,Terence Alexander,16056255.0
Edward Norton,Barry Pepper,13060843.0
Edward Norton,Edward Furlong,6719864.0
Edward Norton,Jessica Biel,39868642.0
Eileen Walsh,Dorothy Duffy,4890878.0
Eli Marienthal,Harry Connick Jr.,23159305.0
Elijah Wood,Ian McKellen,329048057.5
Elijah Wood,Viggo Mortensen,377845905.0
Elizabeth Taylor,Paul Newman,17570324.0
Ellar Coltrane,Patricia Arquette,25379975.0
Ellen Burstyn,Jared Leto,3635482.0
Ellen Burstyn,Max von Sydow,232906145.0
Elliott Gould,Nina van Pallandt,959000.0
Emile Hirsch,Vince Vaughn,18354356.0
Emilio Echevarría,Gael García Bernal,5383834.0
Emilio Estevez,Judd Nelson,45875171.0
Emily Blunt,Josh Brolin,46889293.0
Emily Watson,Stellan Skarsgård,4040691.0
Emma Stone,Viola Davis,169708112.0
Emma Thompson,Kate Winslet,43182776.0
Ernest B. Schoedsack,Fay Wray,10000000.0
Ethan Coen,Gabriel Byrne,5080409.0
Ethan Coen,George Clooney,45512588.0
Ethan Coen,Jeff Bridges,17498804.0
Ethan Coen,John Getz,2150000.0
Ethan Coen,John Turturro,6153939.0
Ethan Coen,William H. Macy,24611975.0
Ethan Hawke,Julie Delpy,6490227.0
Ethan Hawke,Trevor Jack Brooks,2892011.0
Ethan Hawke,Uma Thurman,12339633.0
Ewan McGregor,Albert Finney,66257002.0
Ewan McGregor,Ewen Bremner,16501785.0
F. Murray Abraham,Tom Hulce,51973029.0
Farley Granger,Robert Walker,7630000.0
Felicity Jones,Diego Luna,532177324.0
Ferdia Walsh-Peelo,Aidan Gillen,3237118.0
Fernanda Montenegro,Vinícius de Oliveira,5595428.0
Fernando Rey,Delphine Seyrig,198809.0
Fionn Whitehead,Barry Keoghan,188373161.0
Frances McDormand,Woody Harrelson,54513740.0
Frank Langella,Michael Sheen,18593156.0
Franka Potente,Matt Damon,121661683.0
Franka Potente,Moritz Bleibtreu,7267585.0
Fred MacMurray,Barbara Stanwyck,5720000.0
Gael García Bernal,Rodrigo De la Serna,16756372.0
Gary Cooper,Grace Kelly,9450000.0
Gary Oldman,Keri Russell,208545589.0
Gaspard Manesse,Raphael Fejtö,4542825.0
Gena Rowlands,James Garner,81001787.0
Gene Hackman,Gwyneth Paltrow,52364010.0
Gene Hackman,John Cazale,4420000.0
Gene Hackman,Roy Scheider,15630710.0
Gene Hackman,Willem Dafoe,34603943.0
Gene Kelly,Gene Kelly,8819028.0
Gene Wilder,Jack Albertson,4000000.0
Gene Wilder,Madeline Kahn,86300000.0
Geoffrey Rush,Armin Mueller-Stahl,35811509.0
Geoffrey Rush,Jim Sturgess,85433.0
George C. Scott,Karl Malden,61700000.0
George Clooney,Brad Pitt,183417150.0
George Clooney,Meryl Streep,21002919.0
George Cukor,Mervyn LeRoy,2076020.0
George Cukor,Sam Wood,198676459.0
Gerard Butler,Lena Headey,210614939.0
Gerardo Taracena,Raoul Max Trujillo,50866635.0
Glen Hansard,Markéta Irglová,9439923.0
Golshifteh Farahani,Shahab Hosseini,106662.0
Graham Chapman,John Cleese,20045115.0
Griffin Dunne,Rosanna Arquette,10600000.0
Guillaume Canet,Marion Cotillard,548707.0
Guy Pearce,Carrie-Anne Moss,25544867.0
Gérard Jugnot,François Berléand,3635164.0
Günes Sensoy,Doga Zeynep Doguslu,845464.0
Haluk Bilginer,Melisa Sözen,165520.0
Harrison Ford,Karen Allen,248159971.0
Harrison Ford,Rutger Hauer,32868943.0
Harrison Ford,Ryan Gosling,92054159.0
Harrison Ford,Sean Connery,197171806.0
Harrison Ford,Tommy Lee Jones,183875760.0
Harry Dean Stanton,Nastassja Kinski,2181987.0
Harvey Keitel,Tim Roth,2832029.0
Henry Fonda,Charles Bronson,5321508.0
Henry Fonda,Jane Darwell,55000.0
Henry Fonda,Lee J. Cobb,4360000.0
Henry Thomas,Drew Barrymore,435110554.0
Hideaki Anno,Hidetoshi Nishijima,5209580.0
Hilary Swank,Clint Eastwood,100492203.0
Hiromasa Yonebayashi,Sara Takatsuki,765127.0
Hitoshi Takagi,Noriko Hidaka,1105564.0
Hugh Jackman,Jake Gyllenhaal,61002302.0
Hugh Jackman,Patrick Stewart,226277068.0
Hugh Welchman,Douglas Booth,6735118.0
Hugo Weaving,Natalie Portman,70511035.0
Humphrey Bogart,Ingrid Bergman,1024560.0
Humphrey Bogart,Katharine Hepburn,536118.0
Humphrey Bogart,Mary Astor,2108060.0
Humphrey Bogart,Walter Huston,5014000.0
Hye-ja Kim,Won Bin,547292.0
Ian McKellen,Martin Freeman,258366855.0
Iko Uwais,Ananda George,4105123.0
Iko Uwais,Yayan Ruhian,2625803.0
Irrfan Khan,Nimrat Kaur,4231500.0
Irène Jacob,Jean-Louis Trintignant,4043686.0
Irène Jacob,Wladyslaw Kowalski,1999955.0
Isabella Rossellini,Kyle MacLachlan,8551228.0
Ivana Baquero,Ariadna Gil,37634615.0
J. Mackye Gruber,Ashton Kutcher,57938693.0
Jack Lemmon,Shirley MacLaine,18600000.0
Jack Lemmon,Walter Matthau,44527234.0
Jack Nicholson,Faye Dunaway,29000000.0
Jack Nicholson,Helen Hunt,148478011.0
Jack Nicholson,Louise Fletcher,112000000.0
Jack Nicholson,Shelley Duvall,44017374.0
Jackie Earle Haley,Patrick Wilson,107509799.0
Jacob Tremblay,Owen Wilson,132422809.0
Jake Gyllenhaal,Chris Cooper,32481825.0
Jake Gyllenhaal,Heath Ledger,83043761.0
Jake Gyllenhaal,Jena Malone,1480006.0
Jake Gyllenhaal,Michael Peña,41003371.0
Jake Gyllenhaal,Rene Russo,32381218.0
Jake Gyllenhaal,Robert Downey Jr.,33080084.0
James Caan,Kathy Bates,61276872.0
James McAvoy,Forest Whitaker,17605861.0
James McAvoy,Michael Fassbender,146408305.0
James Stewart,Grace Kelly,36764313.0
James Stewart,Jean Arthur,9600000.0
James Stewart,Kim Novak,3200000.0
James Stewart,Lee Remick,11900000.0
Jamie Bell,Julie Walters,21995263.0
Jamie Foxx,Christoph Waltz,162805434.0
Jamie Foxx,Regina King,75331600.0
Jan Pinkava,Brad Garrett,206445654.0
Jane Adams,Jon Lovitz,2807390.0
Jang Dong-Gun,Won Bin,1111061.0
Jared Gilman,Kara Hayward,45512466.0
Jared Leto,Sarah Polley,3600.0
Jason Flemyng,Dexter Fletcher,3897569.0
Jason London,Wiley Wiggins,7993039.0
Jason Schwartzman,Bill Murray,17105219.0
Jason Statham,Brad Pitt,30328156.0
Javier Bardem,Belén Rueda,2086345.0
Jay Baruchel,Cate Blanchett,177002924.0
Jean Dujardin,Bérénice Bejo,44671682.0
Jean Reno,Gary Oldman,19501238.0
Jean Servais,Carl Möhner,57226.0
Jean-Louis Trintignant,Emmanuelle Riva,6739492.0
Jean-Louis Trintignant,Stefania Sandrelli,541940.0
Jean-Pierre Jeunet,Marie-Laure Dougnac,1794187.0
Jeff Bridges,Mackenzie Foy,1339152.0
Jesse Eisenberg,Andrew Garfield,96962694.0
Jesse Eisenberg,Emma Stone,75590286.0
Jet Li,Li Sun,24633730.0
Jet Li,Tony Chiu-Wai Leung,53710019.0
Jim Carrey,Ed Harris,125618201.0
Jim Carrey,Kate Winslet,34400301.0
Jim Caviezel,Guy Pearce,54234062.0
Jim Caviezel,Sean Penn,36400491.0
Jim Henson,Frank Oz,76657000.0
Joaquin Phoenix,Amy Adams,25568251.0
Joaquin Phoenix,Reese Witherspoon,119519402.0
Joaquin Phoenix,Robert De Niro,335451311.0
Jodie Foster,Anthony Hopkins,130742922.0
Joe Pesci,Marisa Tomei,52929168.0
Joe Russo,Chris Evans,333925460.5
Joe Russo,Robert Downey Jr.,768594241.0
Joel Coen,Jeff Bridges,171243005.0
Joel Coen,Tommy Lee Jones,74283625.0
John Belushi,Dan Aykroyd,57229890.0
John C. Reilly,Jack McBrayer,189422889.0
John Cameron Mitchell,Miriam Shor,3029081.0
John Cho,Debra Messing,26020957.0
John Cusack,Cameron Diaz,22858926.0
John Lennon,Paul McCartney,13780024.0
John Lone,Joan Chen,43984230.0
John Musker,Don Hall,248757044.0
John Musker,Jodi Benson,111543479.0
John Musker,Scott Weinger,217350219.0
John Travolta,Uma Thurman,107928762.0
John Wayne,Dean Martin,12535000.0
Johnny Depp,Benicio Del Toro,10680275.0
Johnny Depp,Gary Farmer,1037847.0
Johnny Depp,Geoffrey Rush,305413918.0
Johnny Depp,Kate Winslet,51680613.0
Johnny Depp,Leonardo DiCaprio,9170214.0
Johnny Depp,Martin Landau,5887457.0
Johnny Depp,Penélope Cruz,52990775.0
Johnny Depp,Winona Ryder,56362352.0
Jon Voight,Burt Reynolds,7056013.0
Jonathan Pryce,Kim Greist,9929135.0
Joseph Gordon-Levitt,Seth Rogen,35014192.0
Josh Brolin,Miles Teller,18340051.0
Josh Hartnett,Ben Kingsley,22494487.0
Josh Hartnett,Ewan McGregor,108638745.0
Josh O'Connor,Alec Secareanu,335609.0
Jude Law,Ed Harris,51401758.0
Judi Dench,Steve Coogan,37707719.0
Julianne Moore,Clive Owen,35552383.0
Julie Andrews,Christopher Plummer,163214286.0
Julie Andrews,Dick Van Dyke,102272727.0
Juliette Binoche,Zbigniew Zamachowski,1324974.0
Jürgen Prochnow,Herbert Grönemeyer,11487676.0
Kang-ho Song,Kim Sang-kyung,14131.0
Kang-ho Song,Lee Sun-kyun,53367844.0
Kang-ho Song,Shin Ha-kyun,45289.0
Katharine Hepburn,Henry Fonda,119285432.0
Kathy Bates,Jessica Tandy,82418501.0
Keir Dullea,Gary Lockwood,56954992.0
Keira Knightley,James McAvoy,50927067.0
Keira Knightley,Matthew Macfadyen,38405088.0
Kelsey Asbille,Jeremy Renner,33800859.0
Ken Watanabe,Kazunari Ninomiya,13756082.0
Kevin Costner,Gary Oldman,70405498.0
Kevin Costner,Mary McDonnell,184208848.0
Kevin Costner,Sean Connery,76270454.0
Kevin Jarre,Kurt Russell,56505065.0
Kevin Spacey,Annette Bening,130096601.0
Kevin Spacey,Gabriel Byrne,23341568.0
Kevin Spacey,Russell Crowe,64616940.0
Ki-duk Kim,Yeong-su Oh,2380788.0
Kim Min-hee,Jung-woo Ha,2006788.0
Kirk Douglas,Jan Sterling,3969893.0
Kirk Douglas,Laurence Olivier,30000000.0
Kirk Wise,Paige O'Hara,218967620.0
Kurt Russell,Wilford Brimley,13782838.0
Kátia Lund,Alexandre Rodrigues,7563397.0
Kåre Hedebrant,Lina Leandersson,2122065.0
Lady Gaga,Bradley Cooper,215288866.0
Laura Obiols,Dave Johns,258168.0
Laura Obiols,Mathieu Amalric,5990075.0
Laurence Olivier,Joan Fontaine,4360000.0
Lee Byung-Hun,Choi Min-sik,128392.0
Lee Marvin,Ernest Borgnine,45300000.0
Lee Pace,Catinca Untaru,2280348.0
Lee Unkrich,Albert Brooks,380843261.0
Lembit Ulfsak,Elmo Nüganen,144501.0
Leonardo DiCaprio,Brad Pitt,142502728.0
Leonardo DiCaprio,Djimon Hounsou,57366262.0
Leonardo DiCaprio,Emily Mortimer,128012934.0
Leonardo DiCaprio,Jonah Hill,116900694.0
Leonardo DiCaprio,Joseph Gordon-Levitt,292576195.0
Leonardo DiCaprio,Kate Winslet,659325379.0
Leonardo DiCaprio,Matt Damon,132384315.0
Leonardo DiCaprio,Tom Hanks,164615351.0
Leonardo DiCaprio,Tom Hardy,183637894.0
Leslie Nielsen,Priscilla Presley,78756177.0
Lew Ayres,Louis Wolheim,3270000.0
Liam Neeson,Maggie Grace,145000989.0
Liam Neeson,Ralph Fiennes,96898818.0
Liesel Matthews,Eleanor Bron,10019307.0
Lilly Wachowski,Keanu Reeves,171479930.0
Lily Franky,Sakura Andô,3313513.0
Liza Minnelli,Michael York,42765000.0
Logan Lerman,Emma Watson,17738570.0
Loveleen Tandan,Dev Patel,141319928.0
Lubna Azabal,Mélissa Désormeaux-Poulin,6857096.0
Léa Seydoux,Adèle Exarchopoulos,2199675.0
Macaulay Culkin,Joe Pesci,285761243.0
Madeline Carroll,Callan McAuliffe,1752214.0
Mads Mikkelsen,Sidse Babett Knudsen,412544.0
Mads Mikkelsen,Thomas Bo Larsen,687185.0
Malcolm McDowell,Patrick Magee,6207725.0
Marcello Mastroianni,Anita Ekberg,19516000.0
Marcello Mastroianni,Anouk Aimée,50690.0
Margaret Sullavan,James Stewart,203300.0
Maribel Verdú,Gael García Bernal,13622333.0
Marilyn Monroe,Tony Curtis,25000000.0
Marion Cotillard,Sylvie Testud,10301706.0
Marjane Satrapi,Chiara Mastroianni,4445756.0
Mark Hamill,Harrison Ford,307446872.0
Mark Ruffalo,Michael Keaton,45055776.0
Mark Wahlberg,Christian Bale,93617009.0
Mark Wahlberg,Julianne Moore,26400640.0
Marlon Brando,Al Pacino,134966411.0
Marlon Brando,Karl Malden,9600000.0
Martin Freeman,Ian McKellen,303003568.0
Martin Landau,Woody Allen,18254702.0
Martin Sheen,Marlon Brando,83471511.0
Maryana Spivak,Aleksey Rozin,566356.0
Masahiro Motoki,Ryôko Hirosue,1498210.0
Massimo Troisi,Massimo Troisi,21848932.0
Matt Damon,Christian Bale,117624028.0
Matt Damon,Edgar Ramírez,227471070.0
Matt Damon,Franka Potente,176241941.0
Matt Damon,Jessica Chastain,228433663.0
Matthew Broderick,Alan Ruck,70136369.0
Matthew Broderick,Denzel Washington,26830000.0
Matthew McConaughey,Anne Hathaway,188020017.0
Matthew McConaughey,Jennifer Garner,27298285.0
Matthew Modine,R. Lee Ermey,46357676.0
Megumi Hayashibara,Tôru Emori,881302.0
Mel Gibson,Bruce Spence,12465371.0
Mel Gibson,Danny Glover,65207127.0
Mel Gibson,Sophie Marceau,75600000.0
Mia Farrow,Dianne Wiest,40084041.0
Mia Farrow,Jeff Daniels,10631333.0
Michael B. Jordan,Sylvester Stallone,109767581.0
Michael Beck,James Remar,22490039.0
Michael Caine,Kermit the Frog,27281507.0
Michael Douglas,Deborah Kara Unger,48323648.0
Michael Douglas,Robert Duvall,40903593.0
Michael J. Fox,Christopher Lloyd,164554881.0
Michael Keaton,Zach Galifianakis,42340598.0
Michael Nyqvist,Noomi Rapace,10095170.0
Michael Schwartz,Zack Gottsagen,13122642.0
Michèle Caucheteux,Jean-Claude Donda,7002255.0
Mickey Rourke,Marisa Tomei,26236603.0
Mikael Persbrandt,Trine Dyrholm,1008098.0
Miki Imai,Toshirô Yanagiba,453243.0
Miles Teller,J.K. Simmons,13092000.0
Mohammad Amir Naji,Amir Farrokh Hashemian,933933.0
Morgan Freeman,Brad Pitt,100125643.0
Morgan Freeman,Ed Harris,20300218.0
Moritz Bleibtreu,Christian Berkel,141072.0
Muhammet Uzuner,Yilmaz Erdogan,138730.0
Myrna Loy,Dana Andrews,23650000.0
Naomi Watts,Laura Harring,7220243.0
Naomi Watts,Viggo Mortensen,17114882.0
Natalie Portman,Mila Kunis,106954678.0
Nathan Fillion,Gina Torres,25514517.0
Nicolas Cage,Ethan Hawke,24149632.0
Nicolas Cage,Meryl Streep,22245861.0
Nicole Kidman,Christopher Eccleston,96522687.0
Nicole Kidman,Paul Bettany,1530386.0
Nora Twomey,Evan McGuire,686383.0
Noémie Merlant,Adèle Haenel,3759854.0
O'Shea Jackson Jr.,Corey Hawkins,161197785.0
Oksana Akinshina,Artyom Bogucharskiy,181655.0
Omar Sharif,Julie Christie,111722000.0
Orson Welles,Joseph Cotten,1017412.5
Owen Wilson,Rachel McAdams,56816662.0
Paddy Considine,Gary Stretch,6013.0
Paddy Considine,Samantha Morton,15539266.0
Patrick Stewart,Ian McKellen,233921534.0
Paul Newman,Charlotte Rampling,54000000.0
Paul Newman,George Kennedy,16217773.0
Paul Newman,Jackie Gleason,8284000.0
Paul Newman,Robert Redford,130954444.5
Paul Scofield,Wendy Hiller,28350000.0
Payman Maadi,Leila Hatami,7098492.0
Peter Billingsley,Melinda Dillon,20605209.0
Peter Dinklage,Patricia Clarkson,5739376.0
Peter O'Toole,Alec Guinness,44824144.0
Peter Ramsey,Rodney Rothman,190241310.0
Peter Sellers,George C. Scott,275902.0
Peter Sellers,Shirley MacLaine,30177511.0
Phil Harris,Sebastian Cabot,141843612.0
Phil Lord,Chris Pratt,257760692.0
Philip Seymour Hoffman,Samantha Morton,3081925.0
Philippe Noiret,Enzo Cannavale,11990401.0
Pierre Brasseur,Alida Valli,52709.0
Preity Zinta,Shah Rukh Khan,1787378.0
Quentin Tarantino,Robert Rodriguez,74103820.0
Quinton Aaron,Sandra Bullock,255959475.0
Ralph Fiennes,F. Murray Abraham,59100318.0
Rami Malek,Lucy Boynton,216428042.0
Ray Milland,Grace Kelly,12562.0
Rena Owen,Temuera Morrison,2201126.0
Ricardo Darín,Gastón Pauls,1221261.0
Ricardo Darín,Soledad Villamil,6391436.0
Rich Moore,Jared Bush,341268248.0
Richard Dreyfuss,François Truffaut,132088635.0
Richard E. Grant,Paul McGann,1544889.0
Richard Farnsworth,Sissy Spacek,6203044.0
Richard Gere,Laura Linney,56116183.0
Richard Jenkins,Haaz Sleiman,9422422.0
Rob Minkoff,Matthew Broderick,422783777.0
Rob Reiner,Michael McKean,188751.0
Robert De Niro,Al Pacino,7000000.0
Robert De Niro,Cathy Moriarty,23383987.0
Robert De Niro,Chazz Palminteri,17266971.0
Robert De Niro,Christopher Walken,48979328.0
Robert De Niro,Jerry Lewis,2500000.0
Robert De Niro,Jodie Foster,28262574.0
Robert De Niro,Kevin Bacon,49100000.0
Robert De Niro,Ray Liotta,46836394.0
Robert De Niro,Robin Williams,52096475.0
Robert De Niro,Sharon Stone,42438300.0
Robert Downey Jr.,Chris Evans,623279547.0
Robert Downey Jr.,Gwyneth Paltrow,318412101.0
Robert Downey Jr.,Jude Law,209028679.0
Robert Mitchum,Shelley Winters,654000.0
Roberto Benigni,Nicoletta Braschi,57598247.0
Robin Williams,Matt Damon,138433435.0
Robin Williams,Robert Sean Leonard,95860116.0
Rod Steiger,James Coburn,696690.0
Rod Taylor,Tippi Hedren,11403529.0
Roland Møller,Louis Hofmann,435266.0
Rolf Lassgård,Bahar Pars,3358518.0
Roman Griffin Davis,Thomasin McKenzie,349555.0
Roman Polanski,Isabelle Adjani,1924733.0
Ron Livingston,Jennifer Aniston,10824921.0
Ronnie Del Carmen,Amy Poehler,356461711.0
Rosario Flores,Javier Cámara,9284265.0
Roy Scheider,Jessica Lange,37823676.0
Roy Scheider,Robert Shaw,260000000.0
Rufus Sewell,Kiefer Sutherland,14378331.0
Russell Crowe,Al Pacino,28965197.0
Russell Crowe,Christian Bale,53606916.0
Russell Crowe,Ed Harris,170742341.0
Russell Crowe,Joaquin Phoenix,187705427.0
Russell Crowe,Renée Zellweger,61649911.0
Ryan Gosling,Carey Mulligan,35061555.0
Ryan Gosling,Emma Stone,151101803.0
Ryan O'Neal,Tatum O'Neal,30933743.0
Ryan Reynolds,Josh Brolin,324591735.0
Ryan Reynolds,Morena Baccarin,363070709.0
Ryûnosuke Kamiki,Mone Kamishiraishi,5017246.0
Sam Neill,Julian Dennison,5202582.0
Sam Neill,Laura Dern,402453882.0
Sam Riley,Samantha Morton,871577.0
Sam Rockwell,Kevin Spacey,5009677.0
Sam Shepard,Scott Glenn,21500000.0
Sam Waterston,Haing S. Ngor,34700291.0
Sam Worthington,Zoe Saldana,760507625.0
Samuel Armstrong,Ford Beebe Jr.,76408097.0
Samuel L. Jackson,Kurt Russell,54117416.0
Sandra Bullock,George Clooney,274092705.0
Saoirse Ronan,Emma Watson,108101214.0
Scarlett Johansson,Jonathan Rhys Meyers,23089926.0
Sean Astin,Josh Brolin,61503218.0
Sean Connery,Christian Slater,7153487.0
Sean Connery,Gert Fröbe,51081062.0
Sean Penn,Benicio Del Toro,16290476.0
Sean Penn,Michelle Pfeiffer,40311852.0
Sean Penn,Tim Robbins,90135191.0
Seung-Yun Lee,Hee Jae,238507.0
Shah Rukh Khan,Kajol,4018695.0
Shah Rukh Khan,Preity Zinta,2921738.0
Shah Rukh Khan,Vidya Malvade,1113541.0
Shahab Hosseini,Taraneh Alidoosti,2402067.0
Shailene Woodley,Ansel Elgort,124872350.0
Sharlto Copley,David James,115646235.0
Shôgo Furuya,Tôru Emori,128985.0
Sidney Poitier,Rod Steiger,24379978.0
Sigourney Weaver,Michael Biehn,85160248.0
Sigourney Weaver,Tom Skerritt,78900000.0
Simon Pegg,Nick Frost,18590069.5
Spencer Tracy,Sidney Poitier,56700000.0
Stephen Chow,Wah Yuen,17108591.0
Steve Martin,John Candy,49530280.0
Steve McQueen,Dustin Hoffman,53267000.0
Steve McQueen,James Garner,12100000.0
Sumi Shimamoto,Mahito Tsujimura,495770.0
Suraj Sharma,Irrfan Khan,124987023.0
Sylvester Stallone,Brian Dennehy,47212904.0
Sylvester Stallone,Talia Shire,117235247.0
Tahar Rahim,Niels Arestrup,2084637.0
Taika Waititi,Jemaine Clement,3333000.0
Taraji P. Henson,Octavia Spencer,169607287.0
Tatsuya Nakadai,Akira Terao,4135750.0
Tensai Okamura,Hiroyuki Okiura,1000045.0
Terry Jones,Graham Chapman,1229197.0
Thierry Lhermitte,Jacques Villeret,4065116.0
Thomas Mann,RJ Cyler,6743776.0
Thomas Turgoose,Stephen Graham,327919.0
Tim Robbins,Morgan Freeman,28341469.0
Tim Roth,Pruitt Taylor Vince,259127.0
Timothy Bottoms,Jeff Bridges,29133000.0
Timothy Spall,Brenda Blethyn,13417292.0
Tom Cruise,Colin Farrell,132072926.0
Tom Cruise,Emily Blunt,100206256.0
Tom Cruise,Henry Cavill,220159104.0
Tom Cruise,Jack Nicholson,141340178.0
Tom Cruise,Jason Robards,22455976.0
Tom Cruise,Ken Watanabe,111110575.0
Tom Guiry,Mike Vitar,32416586.0
Tom Hanks,Barkhad Abdi,107100855.0
Tom Hanks,Bill Paxton,173837933.0
Tom Hanks,Denzel Washington,77324422.0
Tom Hanks,Helen Hunt,233632142.0
Tom Hanks,Mark Rylance,72313754.0
Tom Hanks,Matt Damon,216540909.0
Tom Hanks,Michael Clarke Duncan,136801374.0
Tom Hanks,Robin Wright,330252182.0
Tom Hanks,Tim Allen,346946373.6666667
Tom Hanks,Tyler Hoechlin,104454762.0
Tom Hardy,Charlize Theron,154058340.0
Tom Hardy,Nick Nolte,13657115.0
Tom Waits,John Lurie,1436000.0
Toni Servillo,Carlo Verdone,2852400.0
Tony Chiu-Wai Leung,Maggie Cheung,2734044.0
Topol,Norma Crane,80500000.0
Toshirô Mifune,Machiko Kyô,96568.0
Toshirô Mifune,Takashi Shimura,269061.0
Trey Parker,Matt Stone,52037603.0
Ulrich Mühe,Martina Gedeck,11286112.0
Ulrich Thomsen,Henning Moritzen,1647780.0
Ulrich Thomsen,Mads Mikkelsen,1305.0
Uma Thurman,David Carradine,68153614.0
Valerie Faris,Steve Carell,59891098.0
Veerle Baetens,Johan Heldenbergh,175058.0
Vicky Jenson,Mike Myers,267665011.0
Viggo Mortensen,George MacKay,5875006.0
Viggo Mortensen,Mahershala Ali,85080171.0
Vijay Varma,Nakul Roshan Sahdev,5566534.0
Vivien Leigh,Marlon Brando,8000000.0
Vladimir Garin,Ivan Dobronravov,502028.0
Wagner Moura,André Ramiro,8060.0
Wagner Moura,Irandhir Santos,100119.0
Wil Wheaton,River Phoenix,52287414.0
Will Smith,Rosario Dawson,69951824.0
Will Smith,Thandie Newton,163566459.0
Willem Dafoe,Sean Patrick Flanery,25812.0
William Holden,Alec Guinness,44908000.0
William Holden,Ernest Borgnine,12064472.0
William Keighley,Errol Flynn,3981000.0
William Shatner,Leonard Nimoy,78912963.0
Winona Ryder,Gena Rowlands,2015810.0
Woody Allen,Diane Keaton,42450000.0
Yul Brynner,Steve McQueen,4905000.0
Yun-Fat Chow,Michelle Yeoh,128078872.0
Yôji Matsuda,Yuriko Ishida,2375308.0
Zach Galifianakis,Bradley Cooper,277322503.0
Zain Al Rafeea,Yordanos Shiferaw,1661096.0
Zbigniew Zamachowski,Julie Delpy,1464625.0
Zooey Deschanel,Joseph Gordon-Levitt,32391374.0
Éric Toledano,François Cluzet,13182281.0
